DE-MLC3988;https://www.overstock.com/Home-Garden/Magda-Bar-Cart-Black-Wengue/34617040/product.html?refccid=JBEA6H2OCAU2BZ2F7JW5YLU5CI&searchidx=0&kwds=Magda%20Bar%20Cart&rfmt= 
DE-MLB4469;https://www.overstock.com/Home-Garden/Dakari-Multistorage-Cabinet-N-A/34577898/product.html?refccid=VPXU2XA7XUN3S2KGZXRCST3NDU&searchidx=0&kwds=Dakari+Multistorage+Cabinet&rfmt=&option=67856828
DE-MLV4443;
DE-ELW4452;
DE-ELV5202;https://www.overstock.com/Home-Garden/Aramis-Desk/34678092/product.html?refccid=OWC76UEZFIU3ARSKO3ULGVHCGA&searchidx=0&guid=dfb58706-2be1-4c25-b81a-4fe368452c99&osp=true&kwds=Aramis%20Desk&rfmt=
DE-MBZ5233;https://www.overstock.com/Home-Garden/Magda-Bar-Cart-Black-Wengue/34617040/product.html?refccid=JBEA6H2OCAU2BZ2F7JW5YLU5CI&searchidx=0&kwds=Magda%20Bar%20Cart&rfmt=
DE-MLZ5543;https://www.overstock.com/Home-Garden/Leyva-Nightstand/34528744/product.html?opre=1&option=67856448
DE-ABC5530;https://www.overstock.com/Home-Garden/Delos-Kitchen-Island-White-Pine/34528937/product.html?refccid=KXKQXNEVLF73HLKJT34BVJMCGY&searchidx=0&kwds=Delos%20Kitchen%20Island&rfmt=
DE-ALZ5232;https://www.overstock.com/Home-Garden/Dakari-Multistorage-Cabinet-N-A/34577898/product.html?refccid=VPXU2XA7XUN3S2KGZXRCST3NDU&searchidx=0&kwds=Dakari+Multistorage+Cabinet&rfmt=&option=67856828
DE-CLW3922;https://www.overstock.com/Home-Garden/Rioja-4-Drawer-Dresser/34509962/product.html?refccid=DAC3T2P3MZEKGICAW3E32BV7RA&searchidx=13&kwds=Rioja%20%204%20Drawer%20Dresser&rfmt=
DE-BLA4445;https://www.overstock.com/Home-Garden/Morocco-Corner-Bar-Single-Door-Cabinet-Two-Shelves-Ten-Wine-Cubbies-Two-Interior-Shelves/36048003/product.html?refccid=XSWNZ4SZDE2INA2LH7NRV2STT4&searchidx=0&guid=7d54e0b2-8358-41e4-90a5-60b892b7efec&osp=true&kwds=Egina+Corner+Bar+Cabinet&rfmt=&option=69607946
DE-ELI5559;https://www.overstock.com/Home-Garden/Toronto-120-Desk/34678090/product.html?refccid=XXYCYRYKERMLSH2H74PP472FLY&searchidx=0&kwds=Toronto%20120%20Desk&rfmt=
DE-MLV4444;https://www.overstock.com/Home-Garden/Soria-Bar-Cabinet/34616991/product.html?refccid=YCOYKEBHRVTKRGCBKQQDE7EY4I&searchidx=0&kwds=Soria%20Bar%20Cabinet&rfmt=
DE-MLC5015;
DE-BLW5546;https://www.overstock.com/Home-Garden/Morocco-Corner-Bar-Single-Door-Cabinet-Two-Shelves-Ten-Wine-Cubbies-Two-Interior-Shelves/36048003/product.html?refccid=XSWNZ4SZDE2INA2LH7NRV2STT4&searchidx=0&guid=7d54e0b2-8358-41e4-90a5-60b892b7efec&osp=true&kwds=Egina+Corner+Bar+Cabinet&rfmt=&option=69607946
DE-MWD5460;
DE-CLZ5535;https://www.overstock.com/Home-Garden/Portugal-Armoire/34518438/product.html?refccid=FY5ADYEWBIPJO62CXDMQRNKPZA&searchidx=0&kwds=Portugal%20Armoire&rfmt=
DE-ALN5531;https://www.overstock.com/Home-Garden/Dakari-Multistorage-Cabinet-N-A/34577898/product.html?refccid=VPXU2XA7XUN3S2KGZXRCST3NDU&searchidx=0&kwds=Dakari+Multistorage+Cabinet&rfmt=&option=67856828
DE-MLW3940;https://www.overstock.com/Home-Garden/Leyva-Nightstand/34528744/product.html?opre=1&option=67856448
DE-MLA4438;https://www.overstock.com/Home-Garden/Magda-Bar-Cart-Black-Wengue/34617040/product.html?refccid=JBEA6H2OCAU2BZ2F7JW5YLU5CI&searchidx=0&kwds=Magda%20Bar%20Cart&rfmt=
DE-MLV5205;
DE-AZB5772;https://www.overstock.com/Home-Garden/Antibacterial-Delos-Kitchen-Island-White-Light-Grey/34528917/product.html?refccid=P7UFQ55YEF32CYSHPJFCTSB34A&searchidx=1&kwds=Antibacterial%20Delos%20Kitchen%20Island&rfmt=
DE-CLB4757;https://www.overstock.com/Home-Garden/Portugal-Armoire/34518438/product.html?refccid=FY5ADYEWBIPJO62CXDMQRNKPZA&searchidx=0&kwds=Portugal%20Armoire&rfmt=
DE-MLW4760;https://www.overstock.com/Home-Garden/Salento-Nightstand-Black-Wengue/34528743/product.html?refccid=724P65AVPBYZUZSJXY3ONK6O5M&searchidx=0&kwds=Salento+Nightstand&rfmt=&option=65543551
DE-EDB5560;https://www.overstock.com/Home-Garden/Toronto-120-Desk/34678090/product.html?refccid=XXYCYRYKERMLSH2H74PP472FLY&searchidx=0&kwds=Toronto%20120%20Desk&rfmt=
DE-MLB6567;https://www.overstock.com/Home-Garden/Salento-Nightstand-Black-Wengue/34528743/product.html?refccid=724P65AVPBYZUZSJXY3ONK6O5M&searchidx=0&kwds=Salento+Nightstand&rfmt=&option=65543551
DE-CIB5533;https://www.overstock.com/Home-Garden/Egeo-3-Drawer-Dresser/34509968/product.html?refccid=FQRSFJBNYPKYPXCDB24QUQUANA&searchidx=0&guid=be085c7e-12d0-473d-af5f-5653edec4f35&osp=true&kwds=Egeo%203%20Drawers%20Dresser&rfmt=
DE-CLB5980;
DE-CLB5955;https://www.overstock.com/Home-Garden/Cocora-6-Drawer-Double-Dresser/34509961/product.html?refccid=PQEXPAOHLHQZ4USHSJJQ2LJZNU&searchidx=0&guid=993fdb6e-8a67-48d6-82c0-ba80aa2a3ae0&osp=true&kwds=Cocora%206%20Drawer%20Double%20Dresser&rfmt=
DE-MLB4442;
DE-CLW5956;https://www.overstock.com/Home-Garden/Cocora-6-Drawer-Double-Dresser/34509961/product.html?refccid=RFH5AQZWDYEZJ3SNJOA4VYLPOQ&searchidx=0&guid=cd6fec5b-c796-4a74-b694-68d4ec23fea7&osp=true&kwds=Cocora%206%20Drawer%20Double%20Dresser&rfmt=
DE-MLI6563;https://www.overstock.com/Home-Garden/Leyva-Nightstand/34528744/product.html?opre=1&option=67856448
DE-ELC4772;https://www.overstock.com/Home-Garden/Leben-Linen-Cabinet/34645493/product.html?refccid=DR75RQSUXS4L3YSHHCQB2BPI7Y&searchidx=1&kwds=Leben%20Linen%20Cabinet&rfmt=
DE-MLB3921;
DE-CLW5981;
DE-MLV5203;https://www.overstock.com/Home-Garden/Dakota-Bar-Cabinet-Black-Wengue/34617041/product.html?refccid=ULNJXUJZBG4IFQCCXKX7DVWYWA&searchidx=0&kwds=Dakota%20Bar%20Cabinet&rfmt=
DE-ADB5773;https://www.overstock.com/Home-Garden/Antibacterial-Delos-Kitchen-Island-White-Light-Grey/34528917/product.html?refccid=P7UFQ55YEF32CYSHPJFCTSB34A&searchidx=1&kwds=Antibacterial%20Delos%20Kitchen%20Island&rfmt=
DE-MLV5204;https://www.overstock.com/Home-Garden/Soria-Bar-Cabinet/34616991/product.html?refccid=YCOYKEBHRVTKRGCBKQQDE7EY4I&searchidx=0&kwds=Soria%20Bar%20Cabinet&rfmt=
DE-ALB4447;https://www.overstock.com/Home-Garden/Uluru-Kitchen-Pantry-N-A/34577899/product.html?refccid=TXQGKALXRHUL5EKGTX7ZFKMK7A&searchidx=0&kwds=Uluru%20Kitchen%20Pantry&rfmt=
DE-RVA3989;
DE-ELZ5539;https://www.overstock.com/Home-Garden/Aramis-Desk/34678092/product.html?refccid=OWC76UEZFIU3ARSKO3ULGVHCGA&searchidx=0&guid=dfb58706-2be1-4c25-b81a-4fe368452c99&osp=true&kwds=Aramis%20Desk&rfmt=
DE-ALB5603;https://www.overstock.com/Home-Garden/Tunez-Pantry-Cabinet-N-A/34577901/product.html?refccid=P42U5P6ZWHTJA22APNXR7N5MGA&searchidx=0&guid=af3383b6-993a-4a07-adc9-78d6a603231b&osp=true&kwds=Tunez+Pantry+Cabinet&rfmt=&option=65680455
DE-ALW5206;https://www.overstock.com/Home-Garden/Dakari-Multistorage-Cabinet-N-A/34577898/product.html?refccid=VPXU2XA7XUN3S2KGZXRCST3NDU&searchidx=0&kwds=Dakari+Multistorage+Cabinet&rfmt=&option=67856828
DE-CLZ5534;
DE-MLC5013;https://www.overstock.com/Home-Garden/Dakota-Bar-Cabinet-Black-Wengue/34617041/product.html?refccid=ULNJXUJZBG4IFQCCXKX7DVWYWA&searchidx=0&kwds=Dakota%20Bar%20Cabinet&rfmt=
DE-BLW6544;
DE-MLB5584;https://www.overstock.com/Home-Garden/Bacoa-Cleaning-Cabinet-N-A/34577897/product.html?refccid=L3Q7PC5GM3ZLEHSJX7VJ2GUFOU&searchidx=0&kwds=Bacoa+Cleaning+Cabinet&rfmt=&option=65680445
DE-ELZ5558;https://www.overstock.com/Home-Garden/Alcala-Desk/34678107/product.html?refccid=LZ7NO3VLX3TLZ7CAPGISMM77LE&searchidx=0&kwds=Alcala+Desk&rfmt=&option=65963455
DE-GLW5554;https://www.overstock.com/Home-Garden/Palermo-Medicine-Cabinet/34645495/product.html?refccid=N7TFPJOSWRPJPCSA5UCE66R2BE&searchidx=0&kwds=Palermo%20Medicine%20Cabinet&rfmt=
DE-ALW5577;https://www.overstock.com/Home-Garden/Malta-Kitchen-Pantry-Cabinet-N-A/34580801/product.html?refccid=5MMWRDGWQMGJP2CAW3IO5VFR2Y&searchidx=14&kwds=Malta%20Kitchen%20Pantry%20Cabinet&rfmt=
DE-SNG7534;
DE-MBD6566;https://www.overstock.com/Home-Garden/Leyva-Nightstand/34528744/product.html?opre=1&option=67856448
DE-ELI6595;
DE-SLN7533;https://www.overstock.com/Home-Garden/Kano-Office-Chair-Black/35377554/product.html?refccid=DS7S66NYQ6IYGP2ER75M5L52AM&searchidx=0&kwds=Kano+Office+Chair&rfmt=&option=67862723
DE-SLG7539;https://www.overstock.com/Home-Garden/Durban-Office-Chair-Grey/35377559/product.html?refccid=HZLPOZFPKDYZC7SDCTMJVJOOOI&searchidx=0&kwds=Durban+Office+Chair&rfmt=&option=67862730
DE-SNG7535;https://www.overstock.com/Home-Garden/Perm-Office-Chair-Black-Grey/35377547/product.html?refccid=MHHAONMKIOMISTSI2267ERIKZY&searchidx=0&kwds=Perm+Office+Chair&rfmt=&option=67862716
DE-SNG7538;https://www.overstock.com/Home-Garden/Puebla-Office-Chair-Black-Grey/35377557/product.html?refccid=P4TNAY2MF642KNSLMU3JLX4ZTU&searchidx=0&kwds=Puebla+Office+Chair&rfmt=&option=67862727
DE-MIV4450;https://www.overstock.com/Home-Garden/Salento-Utility-Sink-With-Cabinet-N-A/35728306/product.html?refccid=COYXDLUOIINIYY2IOYWN2NGE7E&searchidx=9&kwds=Salento%20Utility%20Sink%20With%20Cabinet&rfmt=
DE-ELD6574;https://www.overstock.com/Home-Garden/Aramis-Desk/34678092/product.html?refccid=OWC76UEZFIU3ARSKO3ULGVHCGA&searchidx=0&guid=dfb58706-2be1-4c25-b81a-4fe368452c99&osp=true&kwds=Aramis%20Desk&rfmt=
DE-MLA4439;https://www.overstock.com/Home-Garden/Dakota-Bar-Cabinet-Black-Wengue/34617041/product.html?refccid=ULNJXUJZBG4IFQCCXKX7DVWYWA&searchidx=0&kwds=Dakota%20Bar%20Cabinet&rfmt=
DE-CLB4614;
DE-ZLW4759;
DE-ALB4448;https://www.overstock.com/Home-Garden/Helis-60-Kitchen-Pantry-N-A/34577900/product.html?refccid=QKYQ3WV6ZXZKPS2OUHKF7POGYU&searchidx=0&guid=cc85e1dc-fc13-43a3-bc37-4d1edc0f0f34&osp=true&kwds=Helis%2060%20Pantry%20Cabinet&rfmt=
DE-ALW5544;https://www.overstock.com/Home-Garden/Helis-60-Kitchen-Pantry-N-A/34577900/product.html?refccid=QKYQ3WV6ZXZKPS2OUHKF7POGYU&searchidx=0&guid=cc85e1dc-fc13-43a3-bc37-4d1edc0f0f34&osp=true&kwds=Helis%2060%20Pantry%20Cabinet&rfmt=
DE-ALB5582;https://www.overstock.com/Home-Garden/Ikaria-Kitchen-Pantry-N-A/34579777/product.html?refccid=SAZNABB5TGA3D4KMF2BCA5LXVA&searchidx=0&kwds=Ikaria%20Kitchen%20Pantry&rfmt=
DE-CWM5566;
DE-MLW5536;https://www.overstock.com/Home-Garden/Venus-Linen-Cabinet/34645560/product.html?refccid=MNBDDIKUZYQZSJKB3QDSABLO2U&searchidx=0&kwds=Venus%20Linen%20Cabinet&rfmt=
DE-CLW5593;https://www.overstock.com/Home-Garden/Treia-Home-Oficce-Set/34678106/product.html?refccid=W6D3YRMDS4A3PD2NTML4XFV624&searchidx=14&kwds=Treia+Home+Office+Set&rfmt=&option=65963454
DE-MIB6565;https://www.overstock.com/Home-Garden/Leyva-Nightstand/34528744/product.html?opre=1&option=67856448
DE-MLB5587;
DE-MLD6562;https://www.overstock.com/Home-Garden/Leyva-Nightstand/34528744/product.html?opre=1&option=67856448
DE-BLB6543;
DE-MLV3983;
DE-GLB5606;https://www.overstock.com/Home-Garden/Olimpo-150-Wall-Cabinet-Black/34678971/product.html?refccid=EU3EFXKZARY2EHCNJZBPZV7Z64&searchidx=0&guid=4d8d07ce-d7bc-49d6-8054-3fc7365624ef&osp=true&kwds=Olimpo%20150%20Wall%20Cabinet&rfmt=
DE-BLZ5229;https://www.overstock.com/Home-Garden/Dakota-Bar-Cabinet-Black-Wengue/34617041/product.html?refccid=ULNJXUJZBG4IFQCCXKX7DVWYWA&searchidx=0&kwds=Dakota%20Bar%20Cabinet&rfmt=
DE-AWD5777;https://www.overstock.com/Home-Garden/Delos-40-Kitchen-Island-Black-Light-Oak/34528860/product.html?opre=1&option=65543712
DE-MLW6580;
DE-SLN7540;
DE-MBD5018;
DE-BLW6718;
DE-BLZ6720;
DE-CLW6735;https://www.overstock.com/Home-Garden/Topaz-Three-Drawer-Dresser/35720746/product.html?refccid=BETS3V5PYRFZTR2BU6YEPCASXI&searchidx=9&kwds=Topaz%20Three%20Drawer%20Dresser&rfmt=
DE-CZB6737;https://www.overstock.com/Home-Garden/Topaz-Three-Drawer-Dresser/35720746/product.html?refccid=BETS3V5PYRFZTR2BU6YEPCASXI&searchidx=9&kwds=Topaz%20Three%20Drawer%20Dresser&rfmt=
DE-DBN6774;https://www.overstock.com/Home-Garden/Danbury-Storage-Cabinet/35742062/product.html?refccid=2BW2YY7RT5JLSMCGCIVWU3GVIU&searchidx=14&kwds=Danbury+Storage+Cabinet-Drawer+Base+Cabinet&rfmt=&option=68850635
DE-GLB5585;https://www.overstock.com/Home-Garden/Oceana-120-Kitchen-Wall-Cabinet-White/34678981/product.html?refccid=LWPOAK7Q3G5LPY2ONPPDN2WIRI&searchidx=1&kwds=Oceana+120+Kitchen+Cabinet&rfmt=&option=65965572
DE-RLC6708;https://www.overstock.com/Home-Garden/Kobe-Tv-Stand/35726182/product.html?refccid=P6QUWTXHRCU3I5CLO2YK3NGX3I&searchidx=0&kwds=Kobe%20Tv%20Stand&rfmt=
DE-RLD6712;https://www.overstock.com/Home-Garden/Conquest-Tv-Stand/35727785/product.html?refccid=OL7BMFMKNN3KENSDP7QT46EVIY&searchidx=0&kwds=Conquest%20Tv%20Stand&rfmt=
DE-WCN6775;https://www.overstock.com/Home-Garden/Danbury-Storage-Cabinet-Wall-Cabinet/36048115/product.html?refccid=2BW2YY7RT5JLSMCGCIVWU3GVIU&searchidx=15&kwds=Danbury+Storage+Cabinet-Drawer+Base+Cabinet&rfmt=&option=69608064
DE-CLC6726;
DE-CLW6738;https://www.overstock.com/Home-Garden/Stamford-Two-Drawer-Dresser/35720747/product.html?refccid=KPHWOF6YPY23HPKOKSFNXQR2E4&searchidx=6&kwds=Stamford%20Two%20Drawer%20Dresser&rfmt=
DE-MIB6730;https://www.overstock.com/Home-Garden/Emma-Nightstand/35726212/product.html?refccid=UWFN33WVRFHIHQCJO3HZXGWTA4&searchidx=0&guid=0f818e54-f9f7-4857-9f93-ef1e203948c7&osp=true&kwds=Emma%20Nightstand&rfmt=
DE-MLB6758;
DE-MLC6707;https://www.overstock.com/Home-Garden/Ambar-Coffee-Table/35726180/product.html?refccid=KIHNFTF37XOLC3KPIKUVPDFDRY&searchidx=0&kwds=Ambar+Coffee+Table&rfmt=&option=68789431
DE-MLW6772;https://www.overstock.com/Home-Garden/Opal-Kitchen-Cart/35726177/product.html?refccid=E2EOZDFO56532DSOWVFTCMX3B4&searchidx=0&kwds=Opal%20Kitchen%20Cart&rfmt=
DE-OBD6766;https://www.overstock.com/Home-Garden/Rosemont-Kitchen-Cart/35726178/product.html?refccid=JZ5FPZIBOT7JWMSNN6PN5IG3MQ&searchidx=0&kwds=Rosemont%20Kitchen%20Cart&rfmt=
DE-BBN6773;https://www.overstock.com/Home-Garden/Hartford-Storage-Cabinet/36048114/product.html?refccid=7PON3FJDYP72WQ2JNXXVU3Q7XU&searchidx=0&kwds=Hartford+Storage+Cabinet&rfmt=&option=69608063
DE-BLC6715;https://www.overstock.com/Home-Garden/Mojito-Bar-Cabinet/35726168/product.html?refccid=LAFFCJU5W34INTKFN6RMHGPHQE&searchidx=0&kwds=Mojito%20Bar%20Cabinet&rfmt=
DE-CLB5949;https://www.overstock.com/Home-Garden/Indiana-Armoire/34518432/product.html?refccid=ZGXCHBAQFZOKB6SNQRT7J3CB5I&searchidx=0&kwds=Indiana+Armoire&rfmt=&option=65516337
DE-CLB6736;https://www.overstock.com/Home-Garden/Topaz-Three-Drawer-Dresser/35720746/product.html?refccid=BETS3V5PYRFZTR2BU6YEPCASXI&searchidx=9&kwds=Topaz%20Three%20Drawer%20Dresser&rfmt=
DE-MLC6709;https://www.overstock.com/Home-Garden/Kobe-Coffee-Table/35726181/product.html?refccid=XG2VLR5GN5MKMKSMDESZG4IU2U&searchidx=1&kwds=Kobe+Coffee+Table&rfmt=&option=68789432
DE-MLW6770;https://www.overstock.com/Home-Garden/Lucca-Kitchen-Cart/35726176/product.html?refccid=QGA3YEQCO6E2HNCMPIO7KANXH4&searchidx=0&kwds=Lucca%20Kitchen%20Cart&rfmt=
DE-MLZ6757;https://www.overstock.com/Home-Garden/Essential-Single-Bathroom-Vanity/35720697/product.html?refccid=CU6VQGCOCSM3AYSJA5ER4DKIHM&searchidx=16&kwds=Essential%20Single%20Bathroom%20Vanity&rfmt=
DE-CLB6722;https://www.overstock.com/Home-Garden/Dynamic-Closet-System/35726161/product.html?refccid=B45X2BCAFO3JTB2CNKVDYSCBGU&searchidx=0&kwds=Dynamic%20Closet%20System&rfmt=
DE-CLB6739;https://www.overstock.com/Home-Garden/Stamford-Two-Drawer-Dresser/35720747/product.html?refccid=KPHWOF6YPY23HPKOKSFNXQR2E4&searchidx=6&kwds=Stamford%20Two%20Drawer%20Dresser&rfmt=
DE-RLB6713;https://www.overstock.com/Home-Garden/Conquest-Tv-Stand/35727785/product.html?refccid=OL7BMFMKNN3KENSDP7QT46EVIY&searchidx=0&kwds=Conquest%20Tv%20Stand&rfmt=
DE-RLC6704;https://www.overstock.com/Home-Garden/Hollywood-Tv-Stand/35726184/product.html?refccid=7ORXBJHJI3DLQI2D3SLRGODLBQ&searchidx=3&kwds=Hollywood+Tv+Stand&rfmt=&option=68789435
DE-BLC6711;https://www.overstock.com/Home-Garden/Harvey-Bar-Cabinet/35726171/product.html?refccid=EU67GI3LCII3MLKKYFPEUGBFRE&searchidx=0&kwds=Harvey+Bar+Cabinet&rfmt=&option=68789419
DE-CDB6588;https://www.overstock.com/Home-Garden/Rioja-4-Drawer-Dresser/34509962/product.html?refccid=DAC3T2P3MZEKGICAW3E32BV7RA&searchidx=13&kwds=Rioja%20%204%20Drawer%20Dresser&rfmt=
DE-CIB6601;https://www.overstock.com/Home-Garden/Portugal-Armoire/34518438/product.html?refccid=FY5ADYEWBIPJO62CXDMQRNKPZA&searchidx=0&kwds=Portugal%20Armoire&rfmt=
DE-CZB7668;https://www.overstock.com/Home-Garden/Cocora-6-Drawer-Double-Dresser/34509961/product.html?refccid=PQEXPAOHLHQZ4USHSJJQ2LJZNU&searchidx=0&guid=993fdb6e-8a67-48d6-82c0-ba80aa2a3ae0&osp=true&kwds=Cocora%206%20Drawer%20Double%20Dresser&rfmt=
DE-GLB5608;https://www.overstock.com/Home-Garden/Olimpo-150-Wall-Cabinet-Black/34678971/product.html?refccid=KD74ID6ENJ3ICUCBPPEVOGOWEM&searchidx=0&guid=8a1c5a05-79ee-49fc-8bbe-903a51aa1912&osp=true&kwds=Olimpo%20150%20Wall%20Cabinet%20Glass&rfmt=
DE-GLZ6748;https://www.overstock.com/Home-Garden/Kazan-Medicine-Cabinet-Mirror-One-Door-Cabinet/35719900/product.html?refccid=MDMURACHCSV3S2CO55FYP7CSAA&searchidx=0&kwds=Kazan%20Medicine%20Cabinet&rfmt=
DE-MLW6733;https://www.overstock.com/Home-Garden/Beryl-Nightstand/35742051/product.html?refccid=TOH7FQUXRYB2QX2KWEEZJS5MCA&searchidx=0&kwds=Beryl%20Nightstand&rfmt=
DE-SLZ6762;
DE-BLC6706;https://www.overstock.com/Home-Garden/Hart-Sideboard/35728307/product.html?refccid=UENVTEEUNRTLMAKAG7CS5XTACM&searchidx=0&kwds=Hart+Sideboard&rfmt=&option=68791893
DE-CZB6745;https://www.overstock.com/Home-Garden/Serbian-Four-Drawer-Dresser/35720745/product.html?refccid=XHHYMFS2GL7JQ32PK5XH55PW6M&searchidx=5&kwds=Serbian%20Four%20Drawer%20Dresser&rfmt=
DE-MLB6771;https://www.overstock.com/Home-Garden/Opal-Kitchen-Cart/35726177/product.html?refccid=E2EOZDFO56532DSOWVFTCMX3B4&searchidx=0&kwds=Opal%20Kitchen%20Cart&rfmt=
DE-BLW6714;https://www.overstock.com/Home-Garden/Mojito-Bar-Cabinet/35726168/product.html?refccid=LAFFCJU5W34INTKFN6RMHGPHQE&searchidx=0&kwds=Mojito%20Bar%20Cabinet&rfmt=
DE-CDB7669;https://www.overstock.com/Home-Garden/Cocora-6-Drawer-Double-Dresser/34509961/product.html?refccid=PQEXPAOHLHQZ4USHSJJQ2LJZNU&searchidx=0&guid=993fdb6e-8a67-48d6-82c0-ba80aa2a3ae0&osp=true&kwds=Cocora%206%20Drawer%20Double%20Dresser&rfmt=
DE-CLW5954;https://www.overstock.com/Home-Garden/Kibo-6-Doors-Armoire/34518437/product.html?refccid=XHA5GJLDQ7YLIM2O5JF3IJDOXY&searchidx=1&kwds=Kibo+6+Doors+Armoire&rfmt=&option=65516344
DE-BLW6721;https://www.overstock.com/Home-Garden/Zircon-Bar-Cabinet/35726166/product.html?refccid=Z6WZDWNRBKSYWWCKJSVCJT4KZ4&searchidx=0&kwds=Zircon+Bar+Cabinet&rfmt=&option=68789409
DE-CDW6600;https://www.overstock.com/Home-Garden/Portugal-Armoire/34518438/product.html?refccid=FY5ADYEWBIPJO62CXDMQRNKPZA&searchidx=0&kwds=Portugal%20Armoire&rfmt=
DE-CLW6717;https://www.overstock.com/Home-Garden/King-Entertainment-Center/35726183/product.html?refccid=KICDUEFKPKJ2MG2EW2CG6SJVAI&searchidx=0&guid=d0a8d93e-4d67-475a-a07c-71b997b57859&osp=true&kwds=King+Entertainment+Center&rfmt=&option=68789434
DE-ELZ6596;
DE-GLB6749;https://www.overstock.com/Home-Garden/Garnet-Medicine-Cabinet-Mirror-One-External-Shelf/35661271/product.html?refccid=FD6Z6LN7RYK2DZKDAHMJMQUZ3M&searchidx=0&kwds=Garnet%20Medicine%20Cabinet&rfmt=
DE-MLB4615;https://www.overstock.com/Home-Garden/Leyva-Nightstand/34528744/product.html?opre=1&option=67856448
DE-BLB6546;https://www.overstock.com/Home-Garden/Morocco-Corner-Bar-Single-Door-Cabinet-Two-Shelves-Ten-Wine-Cubbies-Two-Interior-Shelves/36048003/product.html?refccid=XSWNZ4SZDE2INA2LH7NRV2STT4&searchidx=0&guid=7d54e0b2-8358-41e4-90a5-60b892b7efec&osp=true&kwds=Egina+Corner+Bar+Cabinet&rfmt=&option=69607946
DE-CDB7667;
DE-ELZ5684;
DE-MLB5610;
DE-MLB6755;https://www.overstock.com/Home-Garden/Essential-Single-Bathroom-Vanity/35720697/product.html?refccid=CU6VQGCOCSM3AYSJA5ER4DKIHM&searchidx=16&kwds=Essential%20Single%20Bathroom%20Vanity&rfmt=
DE-MLZ6734;https://www.overstock.com/Home-Garden/Beryl-Nightstand/35742051/product.html?refccid=TOH7FQUXRYB2QX2KWEEZJS5MCA&searchidx=0&kwds=Beryl%20Nightstand&rfmt=
DE-SLW6761;
DE-MLB6479;
DE-BLZ5231;
DE-CLB6724;
DE-CLB6744;https://www.overstock.com/Home-Garden/Serbian-Four-Drawer-Dresser/35720745/product.html?refccid=XHHYMFS2GL7JQ32PK5XH55PW6M&searchidx=5&kwds=Serbian%20Four%20Drawer%20Dresser&rfmt=
DE-CLW6723;https://www.overstock.com/Home-Garden/Dynamic-Closet-System/35726161/product.html?refccid=B45X2BCAFO3JTB2CNKVDYSCBGU&searchidx=0&kwds=Dynamic%20Closet%20System&rfmt=
DE-OWD6767;https://www.overstock.com/Home-Garden/Rosemont-Kitchen-Cart/35726178/product.html?refccid=JZ5FPZIBOT7JWMSNN6PN5IG3MQ&searchidx=0&kwds=Rosemont%20Kitchen%20Cart&rfmt=
DE-MLB6570;https://www.overstock.com/Home-Garden/Salento-Nightstand-Black-Wengue/34528743/product.html?refccid=724P65AVPBYZUZSJXY3ONK6O5M&searchidx=0&kwds=Salento+Nightstand&rfmt=&option=65543551
DE-CLZ6591;https://www.overstock.com/Home-Garden/Egeo-3-Drawer-Dresser/34509968/product.html?refccid=FQRSFJBNYPKYPXCDB24QUQUANA&searchidx=0&guid=be085c7e-12d0-473d-af5f-5653edec4f35&osp=true&kwds=Egeo%203%20Drawers%20Dresser&rfmt=
DE-ELD6594;
DE-MLC6731;https://www.overstock.com/Home-Garden/Emma-Nightstand/35726212/product.html?refccid=UWFN33WVRFHIHQCJO3HZXGWTA4&searchidx=0&guid=0f818e54-f9f7-4857-9f93-ef1e203948c7&osp=true&kwds=Emma%20Nightstand&rfmt=
DE-MLW6759;
DE-BLZ6716;https://www.overstock.com/Home-Garden/Mojito-Bar-Cabinet/35726168/product.html?refccid=LAFFCJU5W34INTKFN6RMHGPHQE&searchidx=0&kwds=Mojito%20Bar%20Cabinet&rfmt=
DE-CLB5947;https://www.overstock.com/Home-Garden/Darwin-180-Armoire/34518439/product.html?refccid=RTJXSJIBJIC2N5KLFLXO2DC4IU&searchidx=0&kwds=Darwin+180+Armoire&rfmt=&option=65516349
DE-MIZ6558;https://www.overstock.com/Home-Garden/Salento-Freestanding-Sink-White-Light-Oak/35437658/product.html?refccid=KV7ARS74BTZJXKKIUCR3TK5OWI&searchidx=0&guid=da7b30ef-f380-43d3-88d7-2d57f75573c0&osp=true&kwds=Salento%20Freestanding%20Sink&rfmt=
DE-CBC4764;
DE-GLB6746;https://www.overstock.com/Home-Garden/Kazan-Medicine-Cabinet-Mirror-One-Door-Cabinet/35719900/product.html?refccid=MDMURACHCSV3S2CO55FYP7CSAA&searchidx=0&kwds=Kazan%20Medicine%20Cabinet&rfmt=
DE-MZB7676;https://www.overstock.com/Home-Garden/Bacoa-Cleaning-Cabinet-N-A/34577897/product.html?refccid=OZCFCDQOE54JCYKBGHVIQ6THQY&searchidx=0&kwds=Bacoa%20Cleaning%20Cabinet&rfmt=
DE-CLW3932;
DE-CLW6725;
DE-CLW6743;https://www.overstock.com/Home-Garden/Serbian-Four-Drawer-Dresser/35720745/product.html?refccid=XHHYMFS2GL7JQ32PK5XH55PW6M&searchidx=5&kwds=Serbian%20Four%20Drawer%20Dresser&rfmt=
DE-GLZ6751;https://www.overstock.com/Home-Garden/Garnet-Medicine-Cabinet-Mirror-One-External-Shelf/35661271/product.html?refccid=FD6Z6LN7RYK2DZKDAHMJMQUZ3M&searchidx=0&kwds=Garnet%20Medicine%20Cabinet&rfmt=
DE-CLW4756;https://www.overstock.com/Home-Garden/Portugal-Armoire/34518438/product.html?refccid=FY5ADYEWBIPJO62CXDMQRNKPZA&searchidx=0&kwds=Portugal%20Armoire&rfmt=
DE-MBD6729;https://www.overstock.com/Home-Garden/Emma-Nightstand/35726212/product.html?refccid=UWFN33WVRFHIHQCJO3HZXGWTA4&searchidx=0&guid=0f818e54-f9f7-4857-9f93-ef1e203948c7&osp=true&kwds=Emma%20Nightstand&rfmt=
DE-CIB6589;https://www.overstock.com/Home-Garden/Rioja-4-Drawer-Dresser/34509962/product.html?refccid=DAC3T2P3MZEKGICAW3E32BV7RA&searchidx=13&kwds=Rioja%20%204%20Drawer%20Dresser&rfmt=
DE-CIB6599;
DE-BLB6549;https://www.overstock.com/Home-Garden/Dakota-Bar-Cabinet-Black-Wengue/34617041/product.html?refccid=ULNJXUJZBG4IFQCCXKX7DVWYWA&searchidx=0&kwds=Dakota%20Bar%20Cabinet&rfmt=
DE-BLW6552;https://www.overstock.com/Home-Garden/Soria-Bar-Cabinet/34616991/product.html?refccid=YCOYKEBHRVTKRGCBKQQDE7EY4I&searchidx=0&kwds=Soria%20Bar%20Cabinet&rfmt=
DE-MLW6756;https://www.overstock.com/Home-Garden/Essential-Single-Bathroom-Vanity/35720697/product.html?refccid=CU6VQGCOCSM3AYSJA5ER4DKIHM&searchidx=16&kwds=Essential%20Single%20Bathroom%20Vanity&rfmt=
DE-ALW5604;https://www.overstock.com/Home-Garden/Tunez-Pantry-Cabinet-N-A/34577901/product.html?refccid=OY5CMY7SQAZ262CEFX47GB5CAM&searchidx=0&guid=8b9fcbf4-1259-41c1-833a-45c9be3fc16d&osp=true&kwds=Tunez%20Pantry%20Cabinet&rfmt=
DE-ELI5721;https://www.overstock.com/Home-Garden/Compu-180-Hutch-Desk/32505090/product.html?refccid=Y4ATK6XR3ANIR22EG2WRVIUCTE&searchidx=3&kwds=Xalo%20180%20Compu%20Hutch%20Desk&rfmt=
DE-GLB5590;https://www.overstock.com/Home-Garden/Roma-Mirrored-Medicine-Cabinet-Light-Grey/34645558/product.html?refccid=GBQN2ZZ2UC2KGMCDM3V6OXNCFE&searchidx=2&guid=210e2888-3562-41ac-8590-f534e65f8a90&osp=true&kwds=Roma%20Mirrored%20Medicine%20Cabinet&rfmt=
DE-BLI6473;https://www.overstock.com/Home-Garden/Pasadena-Bar-Cabinet-N-A/34241688/product.html?refccid=B6HLOQLI5OMJH3SB7YWX5OCU4Y&searchidx=0&kwds=Pasadena%20Bar%20Cabinet&rfmt=
DE-BLB6540;https://www.overstock.com/Home-Garden/Magda-Bar-Cart-Black-Wengue/34617040/product.html?refccid=JBEA6H2OCAU2BZ2F7JW5YLU5CI&searchidx=0&kwds=Magda%20Bar%20Cart&rfmt=
DE-ELB6593;
DE-ELI5685;
DE-GLZ5592;https://www.overstock.com/Home-Garden/Roma-Mirrored-Medicine-Cabinet-Light-Grey/34645558/product.html?refccid=GBQN2ZZ2UC2KGMCDM3V6OXNCFE&searchidx=2&guid=210e2888-3562-41ac-8590-f534e65f8a90&osp=true&kwds=Roma%20Mirrored%20Medicine%20Cabinet&rfmt=
DE-JLB6741;https://www.overstock.com/Home-Garden/Diamond-Dresser/35720743/product.html?refccid=LOZV3Q6ZXWKIMN2L2GNNGDD3VY&searchidx=6&kwds=Diamond%20Dresser&rfmt=
DE-MBC6768;https://www.overstock.com/Home-Garden/Pillar-Kitchen-Cart/35726175/product.html?refccid=GQQUO6PQMCCICZKG7GZ4Z7FV6U&searchidx=0&kwds=Pillar+Kitchen+Cart&rfmt=&option=68789422
DE-MWC4761;
DE-ZLW6728;https://www.overstock.com/Home-Garden/Charlotte-Xl-Shoe-Rack/35742029/product.html?refccid=J6FAHGRT7CRZW6CKJCQ4UTTVAQ&searchidx=1&kwds=Charlotte%20Xl%20Shoe%20Rack&rfmt=
DE-CLB5547;https://www.overstock.com/Home-Garden/Rioja-4-Drawer-Dresser/34509962/product.html?refccid=DAC3T2P3MZEKGICAW3E32BV7RA&searchidx=13&kwds=Rioja%20%204%20Drawer%20Dresser&rfmt=
DE-GLW4766;
DE-ELW5683;
DE-JLC6742;https://www.overstock.com/Home-Garden/Diamond-Dresser/35720743/product.html?refccid=LOZV3Q6ZXWKIMN2L2GNNGDD3VY&searchidx=6&kwds=Diamond%20Dresser&rfmt=
DE-ZLB6727;https://www.overstock.com/Home-Garden/Charlotte-Xl-Shoe-Rack/35742029/product.html?refccid=J6FAHGRT7CRZW6CKJCQ4UTTVAQ&searchidx=1&kwds=Charlotte%20Xl%20Shoe%20Rack&rfmt=
DE-CDW6598;
DE-GLW6750;https://www.overstock.com/Home-Garden/Garnet-Medicine-Cabinet-Mirror-One-External-Shelf/35661271/product.html?refccid=FD6Z6LN7RYK2DZKDAHMJMQUZ3M&searchidx=0&kwds=Garnet%20Medicine%20Cabinet&rfmt=
DE-MLV4449;https://www.overstock.com/Home-Garden/Salento-Wall-Cabinet/34678968/product.html?refccid=RJ6GTUNTI3GL5BSNQ2UMBWZWQM&searchidx=0&kwds=Salento%20Wall%20Cabinet&rfmt=
DE-MLB6769;https://www.overstock.com/Home-Garden/Lucca-Kitchen-Cart/35726176/product.html?refccid=QGA3YEQCO6E2HNCMPIO7KANXH4&searchidx=0&kwds=Lucca%20Kitchen%20Cart&rfmt=
DE-BLB6551;https://www.overstock.com/Home-Garden/Soria-Bar-Cabinet/34616991/product.html?refccid=YCOYKEBHRVTKRGCBKQQDE7EY4I&searchidx=0&kwds=Soria%20Bar%20Cabinet&rfmt=
DE-BLC6705;https://www.overstock.com/Home-Garden/Pasadena-Bar-Cabinet-N-A/34241688/product.html?refccid=H2JK6XMMG5UL5GCHGXZLMHHHKM&searchidx=0&kwds=Pasadena%20Bar%20Cabinet&rfmt=
DE-MID6556;https://www.overstock.com/Home-Garden/Salento-Freestanding-Sink-White-Light-Oak/35437658/product.html?refccid=KV7ARS74BTZJXKKIUCR3TK5OWI&searchidx=0&guid=da7b30ef-f380-43d3-88d7-2d57f75573c0&osp=true&kwds=Salento%20Freestanding%20Sink&rfmt=
DE-BLC6719;
DE-EDB5957;
DE-MLB7133;
DE-MLD7030;https://www.overstock.com/Home-Garden/Kentia-Night-Stand-Four-Legs-Two-Drawers-Black/35436384/product.html?refccid=VIIQJCXX3SW2VBKA3XX5YDZQQM&searchidx=0&kwds=Kentia%20Night%20Stand&rfmt=
DE-MLZ7132;
DE-CLB7153;https://www.overstock.com/Home-Garden/Neptune-Dresser-One-Double-Drawer-Dark-Brown/35418566/product.html?refccid=D5JCQBUEMUYKBMSG2TRAGWME5Y&searchidx=0&kwds=Neptune%20Dresser&rfmt=
DE-CLB7154;https://www.overstock.com/Home-Garden/Neptune-Dresser-One-Double-Drawer-Dark-Brown/35418566/product.html?refccid=D5JCQBUEMUYKBMSG2TRAGWME5Y&searchidx=0&kwds=Neptune%20Dresser&rfmt=
DE-CLC5363;
DE-CLC6765;https://www.overstock.com/Home-Garden/Camp-Kitchen-Base-Cabinet-Countertop-Three-Drawers-Two-Internal-Shelves-One-Flexible-Cabinet-White-Dark-Walnut/35727885/product.html?refccid=ZOLXA45WECM2RHCCX5ZR7EFT54&searchidx=9&kwds=Camp+Kitchen+Base+Cabinet&rfmt=&option=68791468
DE-MLW7148;
DE-MLZ7149;https://www.overstock.com/Home-Garden/Echo-Nightstand/35726210/product.html?refccid=R3X57LFI4TOYIH2NI6TLZ7CY4I&searchidx=0&kwds=Echo+Nightstand&rfmt=&option=68789501
DE-ZDB7104;https://www.overstock.com/Home-Garden/Saturn-Storage-Table/35419478/product.html?refccid=SCVUP74O4QALA5KNGHBTHC6GJA&searchidx=0&kwds=Saturn%20Storage%20Table&rfmt=
DE-ZLD7110;https://www.overstock.com/Home-Garden/Uranus-Storage-Bench-Two-Drawers-Two-Open-Shelves/35419156/product.html?refccid=5IDGAE5KHHQYVOKIYDKOYI6UZY&searchidx=0&kwds=Uranus%20Storage%20Bench&rfmt=
DE-ZLW7111;https://www.overstock.com/Home-Garden/Uranus-Storage-Bench-Two-Drawers-Two-Open-Shelves/35419156/product.html?refccid=5IDGAE5KHHQYVOKIYDKOYI6UZY&searchidx=0&kwds=Uranus%20Storage%20Bench&rfmt=
DE-BDB7116;https://www.overstock.com/Home-Garden/Lotus-Bar-Cart-Six-Bottle-Cubbies-One-Cabinet-Countertop-Lower-Panel-Four-Casters-White-Light-Oak/35432583/product.html?refccid=GO2374GBOGH2LMCKKFZ7D3TCIQ&searchidx=0&kwds=Lotus%20Bar%20Cart&rfmt=
DE-ELC6710;https://www.overstock.com/Home-Garden/Kobe-Ladder-Bookcase-One-Drawer-Five-Open-Shelves-Four-Legs-Dark-Walnut/35727883/product.html?refccid=5SY55UZ7Y2N3UKSJZHESJDG6ZA&searchidx=0&kwds=Kobe+Ladder+Bookcase&rfmt=&option=68791465
DE-GLZ7121;
DE-MDB7122;https://www.overstock.com/Home-Garden/New-Haven-Linen-Cabinet-Two-Internal-Shelves/35719914/product.html?refccid=QKXYNK4KFSYZAZ2NE2UPDPN3LA&searchidx=0&kwds=New%20Haven%20Linen%20Cabinet&rfmt=
DE-MDB7161;
DE-MLZ7123;https://www.overstock.com/Home-Garden/New-Haven-Linen-Cabinet-Two-Internal-Shelves/35719914/product.html?refccid=QKXYNK4KFSYZAZ2NE2UPDPN3LA&searchidx=0&kwds=New%20Haven%20Linen%20Cabinet&rfmt=
DE-BLW3930;
DE-ZLB7105;https://www.overstock.com/Home-Garden/Saturn-Storage-Table/35419478/product.html?refccid=SCVUP74O4QALA5KNGHBTHC6GJA&searchidx=0&kwds=Saturn%20Storage%20Table&rfmt=
DE-ELI5709;https://www.overstock.com/Home-Garden/Salamanca-Desk/34678096/product.html?refccid=2SXEQ55TXNCJZ62EDV4XVJ6GTU&searchidx=0&kwds=Salamanca%20Desk&rfmt=
DE-ELZ5965;https://www.overstock.com/Home-Garden/Austral-120-Desk/34678110/product.html?refccid=PVWOS4NLBWJKYSCJC5EHYLG7DM&searchidx=0&kwds=Austral+120+Desk&rfmt=&option=65963460
DE-MBB7147;
DE-MBB7165;https://www.overstock.com/Home-Garden/Petal-Kitchen-Cart-Two-Storage-Shelves-Countertop/35436281/product.html?refccid=WRYPYJJCS6JLY5CH23VFIXSNTE&searchidx=0&kwds=Petal+Kitchen+Cart&rfmt=&option=67970319
DE-BGW7119;https://www.overstock.com/Home-Garden/Thistle-Bar-Two-Drawers-Four-Double-Racks-One-Cabinet/35417746/product.html?refccid=ZRXWD3SBVKOJIV2GRX736KTM2Y&searchidx=0&guid=8db8bda0-bab7-4573-8c2b-74b95f53e870&osp=true&kwds=Thistle+Bar+Cabinet&rfmt=&option=67927745
DE-BLD6542;https://www.overstock.com/Home-Garden/Magda-Bar-Cart-Black-Wengue/34617040/product.html?refccid=JBEA6H2OCAU2BZ2F7JW5YLU5CI&searchidx=0&kwds=Magda%20Bar%20Cart&rfmt=
DE-BLD6545;
DE-CLW4758;
DE-ELB4771;https://www.overstock.com/Home-Garden/Leben-Linen-Cabinet/34645493/product.html?refccid=DR75RQSUXS4L3YSHHCQB2BPI7Y&searchidx=1&kwds=Leben%20Linen%20Cabinet&rfmt=
DE-ALI6604;https://www.overstock.com/Home-Garden/Helis-60-Kitchen-Pantry-N-A/34577900/product.html?refccid=QKYQ3WV6ZXZKPS2OUHKF7POGYU&searchidx=0&guid=cc85e1dc-fc13-43a3-bc37-4d1edc0f0f34&osp=true&kwds=Helis%2060%20Pantry%20Cabinet&rfmt=
DE-MIW6764;
DE-MLW5537;https://www.overstock.com/Home-Garden/Savona-Medicine-Cabinet/34645491/product.html?refccid=A7LFF5EH6JUYF2SB5OF3B2KWYY&searchidx=0&guid=71af810d-3e2d-4736-b060-d071a291b9d6&osp=true&kwds=Savona%20Medicine%20Cabinet&rfmt=
DE-BLW7117;https://www.overstock.com/Home-Garden/Lotus-Bar-Cart-Six-Bottle-Cubbies-One-Cabinet-Countertop-Lower-Panel-Four-Casters-White-Light-Oak/35432583/product.html?refccid=GO2374GBOGH2LMCKKFZ7D3TCIQ&searchidx=0&kwds=Lotus%20Bar%20Cart&rfmt=
DE-CWD7156;https://www.overstock.com/Home-Garden/Aralia-Drawer-Dresser-Four-Drawers-Countertop/35435272/product.html?refccid=VGSL3VYPOOWLOCSPL65R6I3OSI&searchidx=0&kwds=Aralia+Drawer+Dresser&rfmt=&option=67968045
DE-ELI5712;
DE-ALD6603;https://www.overstock.com/Home-Garden/Helis-60-Kitchen-Pantry-N-A/34577900/product.html?refccid=QKYQ3WV6ZXZKPS2OUHKF7POGYU&searchidx=0&guid=cc85e1dc-fc13-43a3-bc37-4d1edc0f0f34&osp=true&kwds=Helis%2060%20Pantry%20Cabinet&rfmt=
DE-ELI5682;
DE-GLB6752;https://www.overstock.com/Home-Garden/Harbor-Medicine-Cabinet-Mirror-Four-Internal-Shelves/35719912/product.html?refccid=IMXP7J7IUVDIHE2KT2GGS676NY&searchidx=0&kwds=Harbor%20Medicine%20Cabinet&rfmt=
DE-GLZ6754;https://www.overstock.com/Home-Garden/Harbor-Medicine-Cabinet-Mirror-Four-Internal-Shelves/35719912/product.html?refccid=IMXP7J7IUVDIHE2KT2GGS676NY&searchidx=0&kwds=Harbor%20Medicine%20Cabinet&rfmt=
DE-MLW7032;https://www.overstock.com/Home-Garden/Kentia-Night-Stand-Four-Legs-Two-Drawers-Black/35436384/product.html?refccid=VIIQJCXX3SW2VBKA3XX5YDZQQM&searchidx=0&kwds=Kentia%20Night%20Stand&rfmt=
DE-MLZ6585;https://www.overstock.com/Home-Garden/Jasper-Bathroom-Cabinet-Two-Open-Shelves/35661270/product.html?refccid=IQLSIREDDZY35XSDMQ7NSKOOS4&searchidx=0&kwds=Jasper+Bathroom+Cabinet&rfmt=&option=68634887
DE-SLB6760;
DE-AWD5014;https://www.overstock.com/Home-Garden/Delos-Kitchen-Island-White-Pine/34528937/product.html?refccid=KXKQXNEVLF73HLKJT34BVJMCGY&searchidx=0&kwds=Delos%20Kitchen%20Island&rfmt=
DE-BLC5012;https://www.overstock.com/Home-Garden/Brooklyn-Bookcase/34680188/product.html?refccid=BS6PD2XJA6SZVKKJI36IDUJMEA&searchidx=0&kwds=Brooklyn+Bookcase&rfmt=&option=65968926
DE-BLZ7118;https://www.overstock.com/Home-Garden/Staten-Bar-Cabinet/35726172/product.html?refccid=3BMXS5EVOGH2OCKLF63MTTJMUA&searchidx=0&kwds=Staten+Bar+Cabinet&rfmt=&option=68789420
DE-CLZ7151;https://www.overstock.com/Home-Garden/Galena-Six-Drawer-Double-Dresser/35720744/product.html?refccid=Z2TKJUSB2AALIZKESJRRBDSSH4&searchidx=9&kwds=Galena%20Six%20Drawer%20Double%20Dresser&rfmt=
DE-MLC4755;
DE-ELB6575;https://www.overstock.com/Home-Garden/Aramis-Desk/34678092/product.html?refccid=OWC76UEZFIU3ARSKO3ULGVHCGA&searchidx=0&guid=dfb58706-2be1-4c25-b81a-4fe368452c99&osp=true&kwds=Aramis%20Desk&rfmt=
DE-ELW5713;https://www.overstock.com/Home-Garden/Compu-Hutch-Desk/32505092/product.html?refccid=Y4ATK6XR3ANIR22EG2WRVIUCTE&searchidx=5&kwds=Xalo+180+Compu+Hutch+Desk&rfmt=&option=60296368
DE-ELZ5708;https://www.overstock.com/Home-Garden/Salamanca-Desk/34678096/product.html?refccid=2SXEQ55TXNCJZ62EDV4XVJ6GTU&searchidx=0&kwds=Salamanca%20Desk&rfmt=
DE-MLB7031;https://www.overstock.com/Home-Garden/Kentia-Night-Stand-Four-Legs-Two-Drawers-Black/35436384/product.html?refccid=VIIQJCXX3SW2VBKA3XX5YDZQQM&searchidx=0&kwds=Kentia%20Night%20Stand&rfmt=
DE-MLI6586;https://www.overstock.com/Home-Garden/Savona-Medicine-Cabinet/34645491/product.html?refccid=A7LFF5EH6JUYF2SB5OF3B2KWYY&searchidx=0&guid=71af810d-3e2d-4736-b060-d071a291b9d6&osp=true&kwds=Savona%20Medicine%20Cabinet&rfmt=
DE-BLW6550;https://www.overstock.com/Home-Garden/Dakota-Bar-Cabinet-Black-Wengue/34617041/product.html?refccid=ULNJXUJZBG4IFQCCXKX7DVWYWA&searchidx=0&kwds=Dakota%20Bar%20Cabinet&rfmt=
DE-CBD7155;https://www.overstock.com/Home-Garden/Aralia-Drawer-Dresser-Four-Drawers-Countertop/35435736/product.html?refccid=VGSL3VYPOOWLOCSPL65R6I3OSI&searchidx=1&kwds=Aralia+Drawer+Dresser&rfmt=&option=67968986
DE-ELI5688;
DE-BLZ5563;https://www.overstock.com/Home-Garden/Dozza-Bookcase/34680186/product.html?refccid=JFT2IECMRLSL4P2PE4N7LTNDUU&searchidx=0&guid=22bb02f2-9a72-4d3e-9c30-22383fe278dd&osp=true&kwds=Dozza%20Bookcase&rfmt=
DE-MBI5579;
DE-MLB7034;https://www.overstock.com/Home-Garden/Begonia-Night-Stand-Two-Shelves-One-Door-Drawer/35436427/product.html?refccid=ON7KICHP4NN3SXCDLCIJIO4DSA&searchidx=2&kwds=Begonia%20Night%20Stand&rfmt=
DE-ALW5545;https://www.overstock.com/Home-Garden/Uluru-Kitchen-Pantry-N-A/34577899/product.html?refccid=TXQGKALXRHUL5EKGTX7ZFKMK7A&searchidx=0&kwds=Uluru%20Kitchen%20Pantry&rfmt=
DE-BLI6541;https://www.overstock.com/Home-Garden/Magda-Bar-Cart-Black-Wengue/34617040/product.html?refccid=JBEA6H2OCAU2BZ2F7JW5YLU5CI&searchidx=0&kwds=Magda%20Bar%20Cart&rfmt=
DE-ELW5692;https://www.overstock.com/Home-Garden/Kenai-3-Drawers-Computer-Desk/34678093/product.html?refccid=HQKLHV53HX2LHY2O745A5AGQFQ&searchidx=12&kwds=Kenai+3+Drawers+Computer+Desk&rfmt=&option=65963428
DE-MLB5556;https://www.overstock.com/Home-Garden/Toscana-Wall-Foldable-Table/34678112/product.html?refccid=GKCYSMDVTIILX7SJ33XHHKRFJY&searchidx=2&kwds=Toscana%20Wall%20Foldable%20Table&rfmt=
DE-CIB5532;
DE-MLB3931;https://www.overstock.com/Home-Garden/Savona-Medicine-Cabinet/34645491/product.html?refccid=A7LFF5EH6JUYF2SB5OF3B2KWYY&searchidx=0&guid=71af810d-3e2d-4736-b060-d071a291b9d6&osp=true&kwds=Savona%20Medicine%20Cabinet&rfmt=
DE-ADB7159;
DE-ALB5605;https://www.overstock.com/Home-Garden/Chad-Pantry-Cabinet-N-A/34577896/product.html?refccid=X6AS4MWTVD5KBQSOYU7KLMCCEQ&searchidx=0&kwds=Chad+Pantry+Cabinet&rfmt=&option=65680444
DE-GLW5591;https://www.overstock.com/Home-Garden/Roma-Mirrored-Medicine-Cabinet-Light-Grey/34645558/product.html?refccid=GBQN2ZZ2UC2KGMCDM3V6OXNCFE&searchidx=2&guid=210e2888-3562-41ac-8590-f534e65f8a90&osp=true&kwds=Roma%20Mirrored%20Medicine%20Cabinet&rfmt=
DE-MIB6573;
DE-MLB6578;
DE-MLB7144;https://www.overstock.com/Home-Garden/Oasis-Nightstand/35726211/product.html?refccid=LGKPLNGDHXRLTL2E5MYUBCOWHU&searchidx=0&kwds=Oasis%20Nightstand&rfmt=
DE-MLI7036;https://www.overstock.com/Home-Garden/Begonia-Night-Stand-Two-Shelves-One-Door-Drawer/35436427/product.html?refccid=ON7KICHP4NN3SXCDLCIJIO4DSA&searchidx=2&kwds=Begonia%20Night%20Stand&rfmt=
DE-MLZ6572;
DE-MLD6568;https://www.overstock.com/Home-Garden/Salento-Nightstand-Black-Wengue/34528743/product.html?option=67856446
DE-MLW7150;https://www.overstock.com/Home-Garden/Caladium-Night-Stand-One-Drawer-One-Open-Shelf/35419121/product.html?option=67935141
DE-CMB5567;https://www.overstock.com/Home-Garden/Egeo-4-Drawers-Dresser/34509951/product.html?option=65504579
DE-GLW6747;https://www.overstock.com/Home-Garden/Kazan-Medicine-Cabinet-Mirror-One-Door-Cabinet/35719900/product.html
DE-MLB5578;https://www.overstock.com/Home-Garden/Mucura-Microwave-Cabinet-N-A/34579780/product.html?option=65684482
DE-MLB6732;https://www.overstock.com/Home-Garden/Beryl-Nightstand/35742051/product.html?option=68850624
DE-MLW7145;https://www.overstock.com/Home-Garden/Oasis-Nightstand/35726211/product.html
DE-RLW5600;https://www.overstock.com/Home-Garden/Dallas-Tv-Stand/34678969/product.html?option=65965546
DE-CLW7158;https://www.overstock.com/Home-Garden/Fountain-Dresser-Two-Open-Shelves-Four-Drawers-White/35418524/product.html?option=68789048
DE-MLB6564;https://www.overstock.com/Home-Garden/Nightstands/2016/subcat.html?featuredproduct=34528744
DE-MLZ5557;https://www.overstock.com/Home-Garden/Toscana-Wall-Foldable-Table/34678112/product.html
DE-MLZ6569;https://www.overstock.com/Home-Garden/Salento-Nightstand-Black-Wengue/34528743/product.html?option=68789040
DE-IDB7164;https://www.overstock.com/Home-Garden/Coral-Kitchen-Island-Two-Cabinets-Countertop-Four-Open-Shelves/35418560/product.html?option=67933794
DE-MBD5459;https://www.overstock.com/Home-Garden/Milos-Kitchen-Island-Table-Black-Wengue-Light-Oak/34528961/product.html?option=65543847
DE-MCW6255;https://www.overstock.com/Home-Garden/Osaka-Lift-Top-Coffee-Table/35726190/product.html?option=68789441
DE-MLB6571;https://www.overstock.com/Home-Garden/Egeo-Night-Stand/34528753/product.html?option=67856453
DE-MLC6259;https://www.overstock.com/Home-Garden/Manila-Lift-Top-Coffee-Table/35726189/product.html?option=68789440
DE-ABW6554;https://www.overstock.com/Home-Garden/Dakari-Multistorage-Cabinet-N-A/34577898/product.html?option=67856827
DE-ALW5615;https://www.overstock.com/Home-Garden/Helis-90-Pantry-Cabinet-N-A/34579779/product.html?option=65684479
DE-GLW5551;https://www.overstock.com/Home-Garden/Tatacoa-Mirrored-Medicine-Cabinet/34645494/product.html
DE-MBD6483;https://www.overstock.com/Home-Garden/Barbados-Pantry-Cabinet-White-Light-Oak-N-A/34243617/product.html?option=64698452
DE-CLB7157;https://www.overstock.com/Home-Garden/Fountain-Dresser-Two-Open-Shelves-Four-Drawers-White/35418524/product.html?option=67933739
DE-CLD7037;https://www.overstock.com/Home-Garden/Saffron-Dresser-Three-Drawers-Countertop-Four-Steel-Legs/35435146/product.html?option=67967793
DE-MBZ6561;https://www.overstock.com/Home-Garden/Alder-Wall-Cabinet/36048030/product.html?option=69607977
DE-MLW5602;https://www.overstock.com/Home-Garden/Sahara-Coffe-Table/34679002/product.html?option=65965600
DE-CLW6466;https://www.overstock.com/Home-Garden/Zurich-Three-Drawers-Dresser/34234665/product.html
DE-MLZ6582;https://www.overstock.com/Home-Garden/Venus-Linen-Cabinet/34645560/product.html?option=68789047
DE-CLW5952;https://www.overstock.com/Home-Garden/Cartagena-Armoire/34518434/product.html?option=65516339
DE-CLZ6587;https://www.overstock.com/Home-Garden/Rioja-4-Drawer-Dresser/34509962/product.html?option=68789034
DE-BLI6548;https://www.overstock.com/Home-Garden/Egina-Bar-Cabinet/34617073/product.html?option=67856470
DE-BLW5562;https://www.overstock.com/Home-Garden/Dozza-Bookcase/34680186/product.html?option=65968923
DE-MLD7033;https://www.overstock.com/Home-Garden/Begonia-Night-Stand-Two-Shelves-One-Door-Drawer/35436427/product.html?option=67970817
DE-CLD7039;https://www.overstock.com/Home-Garden/Aster-Double-Dresser-Four-Drawers-Countertop-Four-Steel-Legs/35436255/product.html?option=67970233
DE-MLC6256;https://www.overstock.com/Home-Garden/Viena-Lift-Top-Coffee-Table/35726186/product.html?option=68789436
DE-BWD5580;https://www.overstock.com/Home-Garden/Creta-Kitchen-Island-Black-Light-Oak/34528936/product.html
DE-GLW6753;https://www.overstock.com/Home-Garden/Harbor-Medicine-Cabinet-Mirror-Four-Internal-Shelves/35719912/product.html
DE-MII6557;https://www.overstock.com/Home-Garden/Salento-Freestanding-Sink-White-Light-Oak/35437658/product.html?option=67973137
DE-CZB6469;https://www.overstock.com/Home-Garden/Capri-Three-Drawer-Dresser/34255385/product.html?option=64779299
DE-CDB7136;
DE-MBD5461;https://www.overstock.com/Home-Garden/Syros-Kitchen-Island-Cart-Black-Wengue-Light-Oak./34528858/product.html?option=65543708
DE-MBD6559;https://www.overstock.com/Home-Garden/Salento-Wall-Cabinet/34678968/product.html?option=67856833
DE-MCX6258;https://www.overstock.com/Home-Garden/Toronto-Lift-Top-Coffee-Table/35726188/product.html?option=68789438
DE-MLB6576;https://www.overstock.com/Home-Garden/Aaran-Lift-Top-Coffee-Table/34678995/product.html?option=67856483
DE-MLC4770;https://www.overstock.com/Home-Garden/Yaka-Linen-Cabinet/34645492/product.html?option=65886871
DE-MLW5548;https://www.overstock.com/Home-Garden/Venus-Mirror-Linen-Cabinet/34645561/product.html?option=65886987
DE-ALB6537;https://www.overstock.com/Home-Garden/Delos-Kitchen-Island-White-Pine/34528937/product.html?option=67856458
DE-CLW5568;https://www.overstock.com/Home-Garden/Kairo-4-Drawer-Dresser/34509965/product.html
DE-ELW5695;https://www.overstock.com/Home-Garden/Maui-2-Drawers-Computer-Desk/34678120/product.html?option=65963475
DE-ELZ5720;https://www.overstock.com/Home-Garden/Xalo-180-Compu-Hutch-Desk/34678108/product.html
DE-MLD5588;
DE-MLZ7125;https://www.overstock.com/Home-Garden/Norwalk-Linen-Cabinet-Three-External-Shelves-One-Door-Cabinet/35719913/product.html?option=68771308
DE-BGM7769;https://www.overstock.com/Home-Garden/Norway-Corner-Bar-Cabinet-Eight-Wine-Cubbies-Two-Side-Shelves/36048091/product.html?option=69608042
DE-BHM7771;
DE-BLB7766;https://www.overstock.com/Home-Garden/Jaipur-Corner-Bar-Cabinet-Two-External-Shelves-One-Drawer-Two-Interior-Shelves/36048007/product.html?option=69607951
DE-BLB7786;https://www.overstock.com/Home-Garden/Giza-Corner-Bar-Cabinet-Three-Shelves-Eight-Wine-Cubbies-Two-Side-Shelves/36048010/product.html?option=69607956
DE-BLB7788;https://www.overstock.com/Home-Garden/Egina-Corner-Bar-Cabinet-Two-External-Shelves/36048090/product.html?option=69608041
DE-BLM7768;https://www.overstock.com/Home-Garden/Bosnia-Corner-Bar-Cabinet-Two-Shelves-Two-Independent-Single-Door-Cabinet-Five-Wine-Cubbies-Four-Interior-Shelves/36048009/product.html?option=69607953
DE-BLM7785;https://www.overstock.com/Home-Garden/Giza-Corner-Bar-Cabinet-Three-Shelves-Eight-Wine-Cubbies-Two-Side-Shelves/36048010/product.html?option=69607954
DE-BLM7787;
DE-BLW7765;https://www.overstock.com/Home-Garden/Haora-Tall-Bar-Double-Door-Cabinet-Seven-Wine-Cubbies-One-Mobile-Shelf-Two-Interior-Shelves/36048021/product.html?option=69607968
DE-BLW7784;https://www.overstock.com/Home-Garden/Giza-Corner-Bar-Cabinet-Three-Shelves-Eight-Wine-Cubbies-Two-Side-Shelves/36048010/product.html?option=69607955
DE-BMT7767;https://www.overstock.com/Home-Garden/Mecca-Corner-Bar-Cabinet-Ten-Wine-Cubbies/36048019/product.html?option=69607965
DE-BMW7763;
DE-CDT5967;https://www.overstock.com/Home-Garden/Aramis-Office-Set/34678100/product.html?option=65963444
DE-ELW5561;https://www.overstock.com/Home-Garden/Azalea-3-Drawers-Desk/34678111/product.html?option=65963461
DE-GLW5609;https://www.overstock.com/Home-Garden/Olimpo-150-Wall-Cabinet-With-Glass/34678998/product.html?option=65965594
DE-MDB7124;https://www.overstock.com/Home-Garden/Norwalk-Linen-Cabinet-Three-External-Shelves-One-Door-Cabinet/35719913/product.html?option=68771309
DE-ZDB7106;https://www.overstock.com/Home-Garden/Wayne-Shoe-Rack/35742028/product.html?option=68850341
DE-ZLB7107;https://www.overstock.com/Home-Garden/Wayne-Shoe-Rack/35742028/product.html?option=68850340
DE-CZB6467;https://www.overstock.com/Home-Garden/Zurich-Three-Drawers-Dresser/34234665/product.html?option=64669069
DE-CWB7137;
DE-CZB6740;https://www.overstock.com/Home-Garden/Stamford-Two-Drawer-Dresser/35720747/product.html?option=68778481
DE-ALZ6602;https://www.overstock.com/Home-Garden/Helis-60-Kitchen-Pantry-N-A/34577900/product.html?option=67856831
DE-BMP7770;https://www.overstock.com/Home-Garden/Lisbon-Corner-Bar-Cabinet-Two-External-Shelves-Two-Drawers-Four-Wine-Compartments/36048005/product.html?option=69607948
DE-ELB6597;https://www.overstock.com/Home-Garden/Pearl-Desk-L-Shaped-One-Door-Cabinet-Two-Shelves/35726164/product.html?option=68789407
DE-GLZ5552;OUT STOCK
DE-CLW6470;https://www.overstock.com/Home-Garden/Milano-Two-Door-Cabinet-Dresser/34234666/product.html?option=64669072
DE-MCX6257;https://www.overstock.com/Home-Garden/Atlanta-Lift-Top-Coffee-Table/35726187/product.html?option=68789437
DE-ALB7162;https://www.overstock.com/Home-Garden/Romulo-Kitchen-Pantry/35419139/product.html?option=67935164
DE-ELG5968;https://www.overstock.com/Home-Garden/Oslo-Desk/34678109/product.html?option=65963459
DE-ELG5970;https://www.overstock.com/Home-Garden/Arizona-140-Desk/34678091/product.html?option=65963421
DE-ELG5971;https://www.overstock.com/Home-Garden/Arizona-120-Drawer-Desk/34678125/product.html?option=65963488
DE-ELI5703;https://www.overstock.com/Home-Garden/Idra-L-Shaped-Desk/34678128/product.html?option=65963492
DE-GLB5541;https://www.overstock.com/Home-Garden/Andes-Medicine-Cabinet-With-Mirror/34645469/product.html?option=65886818
DE-ALW5975;https://www.overstock.com/Home-Garden/Ibero-3-Drawer-Mobile-Filing-Cabinet/34678129/product.html?option=65963496
DE-MWB7675;https://www.overstock.com/Home-Garden/Bacoa-Cleaning-Cabinet-N-A/34577897/product.html?option=69607851
DE-CTA4224;https://www.overstock.com/Home-Garden/Egeo-3-Drawer-Dresser/34509968/product.html?option=65504770
DE-CLW5948;https://www.overstock.com/Home-Garden/Hamilton-Mobile-Armoire/34518430/product.html?option=65516335
DE-CLZ5945;https://www.overstock.com/Home-Garden/Darwin-180-Armoire/34518439/product.html?option=65516349
DE-GLW5586;https://www.overstock.com/Home-Garden/Oceana-120-Kitchen-Wall-Cabinet-White/34678981/product.html?option=65965571
DE-MLW7035;https://www.overstock.com/Home-Garden/Begonia-Night-Stand-Two-Shelves-One-Door-Drawer/35436427/product.html?option=67970818
DE-ABD5011;https://www.overstock.com/Home-Garden/Delos-Kitchen-Island-White-Pine/34528937/product.html?option=65543813
DE-CWC4762;OUT STOCK
DE-MDB7146;https://www.overstock.com/Home-Garden/Leticia-Nightstand/35419122/product.html?option=67935142
DE-MIB6763;https://www.overstock.com/Home-Garden/Rushville-Base-Cabinet/36048033/product.html?option=69607983
DE-MZB5657;https://www.overstock.com/Home-Garden/Study-And-Play-Activity-Table/35742049/product.html?option=68850612
DE-ELW5686;https://www.overstock.com/Home-Garden/Acanto-2-Drawer-Computer-Desk/34678097/product.html?option=65963438
DE-ELW5710;https://www.overstock.com/Home-Garden/Kairi-Computer-Desk/34678088/product.html?option=65963414
DE-ELZ5693;https://www.overstock.com/Home-Garden/Kenai-3-Drawers-Computer-Desk/34678093/product.html?option=65963426
DE-GDB7120;https://www.overstock.com/Home-Garden/Arya-Medicine-Cabinet/35418617/product.html?option=67934020
DE-MBI6560;https://www.overstock.com/Home-Garden/Salento-Wall-Cabinet/34678968/product.html?option=67856834
DE-MLD6583;https://www.overstock.com/Home-Garden/Venus-Linen-Cabinet/34645560/product.html?option=67856473
DE-ALB5576;https://www.overstock.com/Home-Garden/Malta-Kitchen-Pantry-Cabinet-N-A/34580801/product.html?option=65686030
DE-RLD7040;https://www.overstock.com/Home-Garden/Myrtle-Tv-Stand-Tabletop-Three-Open-Shelves-One-Cabinet/35437629/product.html?option=67973093
DE-CLW5362;
DE-ABD5776;
DE-BWM7764;https://www.overstock.com/Home-Garden/Morocco-Corner-Bar-Single-Door-Cabinet-Two-Shelves-Ten-Wine-Cubbies-Two-Interior-Shelves/36048003/product.html?option=69607946
DE-CLB5569;https://www.overstock.com/Home-Garden/Kairo-4-Drawer-Dresser/34509965/product.html?option=65504609
DE-GLB5550;OUT STOCK
DE-MLB6579;https://www.overstock.com/Home-Garden/Babel-Coffee-Table/34679011/product.html?option=67856484
DE-ALW7961;
DE-BCW7894;
DE-BWC7893;https://www.overstock.com/Home-Garden/Zircon-Bar-Cabinet-Twelve-Wine-Cubbies-Two-Drawers/36048004/product.html?option=69607947
DE-CBW7929;
DE-CLB7965;https://www.overstock.com/Home-Garden/Barrie-Full-Size-Bed-Frame/36048026/product.html?option=69607973
DE-CZB7666;
DE-ELW7931;https://www.overstock.com/Home-Garden/Mirror-Cairo/36047992/product.html?option=69607869
DE-GLM7924;
DE-MCW7890;https://www.overstock.com/Home-Garden/Aveiro-Coffee-Table-Four-Casters-Three-Shelves/36048028/product.html?option=69607975
DE-MLR7875;
DE-MLR7885;https://www.overstock.com/Home-Garden/Athens-Kava-Bar-Cabinet-16-Wine-Cubbies/36048088/product.html?option=69608039
DE-MLW7874;https://www.overstock.com/Home-Garden/Athens-Coffee-Table-One-Drawer-Four-Legs/36048024/product.html?option=69607970
DE-MMB7970;
DE-PLR7889;https://www.overstock.com/Home-Garden/Baden-Floating-Entertainment-Center/36048032/product.html?option=69607979
DE-PLW7888;https://www.overstock.com/Home-Garden/Baden-Floating-Entertainment-Center/36048032/product.html?option=69607980
DE-RLR7877;https://www.overstock.com/Home-Garden/Rose-Extendable-TV-Stand/36048020/product.html?option=69607966
DE-RLW7876;https://www.overstock.com/Home-Garden/Rose-Extendable-TV-Stand/36048020/product.html?option=69607967
DE-CLW6468;https://www.overstock.com/Home-Garden/Capri-Three-Drawer-Dresser/34255385/product.html?option=64779298
DE-CIB7915;https://www.overstock.com/Home-Garden/Accra-Nightstand/36048035/product.html?option=69607984
DE-CLI7975;
DE-CLI7976;
DE-CLM7972;https://www.overstock.com/Home-Garden/Ethereal-Twin-Bed-Frame/36048022/product.html?option=69607969
DE-CLW7973;https://www.overstock.com/Home-Garden/Ethereal-Queen-Bed-Frame/36048025/product.html?option=69607972
DE-MBB7944;
DE-MMB7907;https://www.overstock.com/Home-Garden/Accra-Nightstand/36048035/product.html?option=69607985
DE-MWM7909;https://www.overstock.com/Home-Garden/Accra-Nightstand/36048035/product.html?option=69607986
DE-RBB7963;https://www.overstock.com/Home-Garden/Kobe-Tv-Stand/35726182/product.html?option=69607852
DE-TMB7906;
DE-TWM7908;
DE-CLD7038;https://www.overstock.com/Home-Garden/Valerian-Light-Dresser-Countertop-Three-Drawers-Four-Steel-Legs/35435866/product.html?option=67969220
DE-ELG5966;https://www.overstock.com/Home-Garden/Porto-Desk/34678426/product.html?option=65964442
DE-MLI6584;OUT STOCK
DE-MLW7884;https://www.overstock.com/Home-Garden/Athens-Kava-Bar-Cabinet-16-Wine-Cubbies/36048088/product.html?option=69608038
DE-MLZ7901;https://www.overstock.com/Home-Garden/Siena-Coffee-Table-Two-Open-Shelves/36048029/product.html?option=69607976
DE-MLZ6465;https://www.overstock.com/Home-Garden/Omaha-Nightstand/34241947/product.html?option=64694783
DE-ABX6536;https://www.overstock.com/Home-Garden/Delos-Kitchen-Island-White-Pine/34528937/product.html?option=67856454
DE-GLW5607;https://www.overstock.com/Home-Garden/Olimpo-150-Wall-Cabinet-Black/34678971/product.html?option=65965553
DE-MDB7126;https://www.overstock.com/Home-Garden/Colyn-Linen-Cabinet/35418611/product.html?option=67933999
DE-MLW7952;https://www.overstock.com/Home-Garden/Sevilla-Bathroom-Vanity-Single-Door-Cabinet/36048008/product.html?option=69607952
DE-MLZ7127;https://www.overstock.com/Home-Garden/Colyn-Linen-Cabinet/35418611/product.html
DE-MLW6462;https://www.overstock.com/Home-Garden/Marsella-nightstand/34234657/product.html?option=64669060
DE-BLW7886;https://www.overstock.com/Home-Garden/Kava-Cairo-Corner-Bar-Cabinet-Double-Door-Cabinet-Glass-Rack-Eight-Wine-Cubbies/36048006/product.html?option=69607950
DE-GLB5553;https://www.overstock.com/Home-Garden/Palermo-Medicine-Cabinet/34645495/product.html?option=65886879
DE-BLW6474;https://www.overstock.com/Home-Garden/Zamna-H-Bar-Cabinet-N-A/34241690/product.html?option=64694147
DE-CLB6592;https://www.overstock.com/Home-Garden/Egeo-3-Drawer-Dresser/34509968/product.html?option=68789036
DE-MLB4441;https://www.overstock.com/Home-Garden/Venus-Mirror-Linen-Cabinet/34645561/product.html?option=65886988
DE-ABX6535;https://www.overstock.com/Home-Garden/Delos-Kitchen-Island-White-Pine/34528937/product.html?option=67856455
DE-AWD5775;https://www.overstock.com/Home-Garden/Kitchen-Islands/18571/subcat.html?featuredproduct=34528847
DE-ELW5701;https://www.overstock.com/Home-Garden/Idra-L-Shaped-Desk/34678128/product.html?option=65963493
DE-MDB7166;https://www.overstock.com/Home-Garden/St.-Thomas-Kitchen-Cart/35418561/product.html?option=67933795
DE-MLB6581;https://www.overstock.com/Home-Garden/Babel-Coffee-Table/34679011/product.html?option=69607753
DE-MLW7949;https://www.overstock.com/Home-Garden/Cairo-Medicine-Cabinet/36048013/product.html?option=69607958
DE-ALB6481;https://www.overstock.com/Home-Garden/Victoria-Pantry-Cabinet-White-N-A/34240086/product.html?option=64690100
DE-CLW6471;https://www.overstock.com/Home-Garden/London-Armoire-N-A/34240091/product.html?option=64690109
DE-MBC4763;OUT OF STOCK
DE-MWD5462;https://www.overstock.com/Home-Garden/Syros-Kitchen-Island-Cart-Black-Wengue-Light-Oak./34528858/product.html?option=65543707
DE-RLW6476;https://www.overstock.com/Home-Garden/Ontario-Tv-Stand/34678994/product.html?option=65965589
DE-ALB6477;https://www.overstock.com/Home-Garden/nova-bathroom-storage-cabinet-white/34281519/product.html?option=64884674
DE-ALB5614;https://www.overstock.com/Home-Garden/Helis-90-Pantry-Cabinet-N-A/34579779/product.html?option=68789046
DE-CLD7029;https://www.overstock.com/Home-Garden/Jane-Closet-One-Drawer-Two-Door-Cabinet-Four-Steel-Legs/35432612/product.html?option=67962146
DE-IBB7163;https://www.overstock.com/Home-Garden/Mars-Kitchen-Island-Two-Cabinets-Countertop-Three-Open-Shelves/35418562/product.html?option=67933796
DE-ABD5774;https://www.overstock.com/Home-Garden/Kitchen-Islands/18571/subcat.html?featuredproduct=34528847
DE-ELZ5973;https://www.overstock.com/Home-Garden/Artik-150-Desk/34678115/product.html?option=65963467
DE-ADW6553;https://www.overstock.com/Home-Garden/Dakari-Multistorage-Cabinet-N-A/34577898/product.html?option=67856828
DE-BLZ5230;https://www.overstock.com/Home-Garden/Soria-Bar-Cabinet/34616991/product.html?option=65821526
DE-CLB6590;https://www.overstock.com/Home-Garden/Egeo-3-Drawer-Dresser/34509968/product.html?option=67856443
DE-BLZ6472;https://www.overstock.com/Home-Garden/Denver-Bar-Cart-N-A/34241689/product.html?option=64694146
DE-MLB4228;https://www.overstock.com/Home-Garden/Munich-Lower-Microwave-Pantry-Cabinet/35726304/product.html?option=68789628
DE-MLW5538;https://www.overstock.com/Home-Garden/Malaga-Linen-Cabinet/34645488/product.html?option=65886865
DE-ES40010;
DE-ZLD7108;https://www.overstock.com/Home-Garden/Mason-Storage-Bench/35742027/product.html?option=68850339
DE-MLD5958;https://www.overstock.com/Home-Garden/Havana-Tray-Table/35742030/product.html?option=68850344
DE-MLC4768;https://www.overstock.com/Home-Garden/Savona-Medicine-Cabinet/34645491/product.html?option=65886870
DE-MLW6198;https://www.overstock.com/Home-Garden/Munich-Lower-Microwave-Pantry-Cabinet/35726304/product.html?option=68789627
DE-ZLW7109;https://www.overstock.com/Home-Garden/Mason-Storage-Bench/35742027/product.html?option=68850338
DE-CLW5953;https://www.overstock.com/Home-Garden/Itaca-Armoire/34518433/product.html?option=65516338
DE-MBD6478;https://www.overstock.com/Home-Garden/Magna-Medicine-Cabinet-Light-Oak-White/34281528/product.html?option=64884683
DE-CLI7914;https://www.overstock.com/Home-Garden/Rose-Makeup-Dressing-Table-Mirror-Four-Drawers-Stool/36048092/product.html?option=69608044
DE-ZCG5659;
DE-MIB5361;https://www.overstock.com/Home-Garden/Salento-Utility-Sink-With-Cabinet-N-A/35728306/product.html?option=68791891
DE-BLD5570;https://www.overstock.com/Home-Garden/Dallas-Bar-Cabinet-Black-Wengue/34617038/product.html?option=65821592
DE-EM40028;
DE-ET40029;
DE-ZLD5658;
DE-EGB5969;https://www.overstock.com/Home-Garden/Vasco-Wall-Desk/34678103/product.html?option=65963452
DE-ELI5596;https://www.overstock.com/Home-Garden/Melb-120-Desk/34678131/product.html?option=65963503
DE-MLB6482;https://www.overstock.com/Home-Garden/Monaco-Kitchen-Cart-White-N-A/34240088/product.html?option=64690103
DE-MBD5016;https://www.overstock.com/Home-Garden/Babel-Coffee-Table/34679011/product.html?option=65965620
DE-MLC5017;https://www.overstock.com/Home-Garden/Aaran-Lift-Top-Coffee-Table/34678995/product.html?option=65965591
DE-ZCG5660;
DE-CDB5979;https://www.overstock.com/Home-Garden/Aurora-Office-Set/34678086/product.html?option=65963410
DE-EDB5597;https://www.overstock.com/Home-Garden/Delhi-Desk/34678119/product.html?option=65963470
DE-ELZ5711;https://www.overstock.com/Home-Garden/Kairi-Computer-Desk/34678088/product.html?option=65963416
DE-GLZ5555;https://www.overstock.com/Home-Garden/Palermo-Medicine-Cabinet/34645495/product.html?option=65886881
DE-CLW7152;https://www.overstock.com/Home-Garden/Galena-Six-Drawer-Double-Dresser/35720744/product.html?option=68778474
DE-ADB7160;https://www.overstock.com/Home-Garden/Ankara-Double-Kitchen-Pantry/35726241/product.html?option=68789561
DE-ELZ5696;https://www.overstock.com/Home-Garden/Maui-2-Drawers-Computer-Desk/34678120/product.html?option=65963472
DE-CBC4765;https://www.overstock.com/Home-Garden/Egeo-3-Drawer-Dresser/34509968/product.html?option=65504769
DE-ELW3938;https://www.overstock.com/Home-Garden/Aramis-Desk/34678092/product.html?option=65963423
DE-MLW5959;https://www.overstock.com/Home-Garden/Havana-Tray-Table/35742030/product.html?option=68850345
DE-MLW5542;https://www.overstock.com/Home-Garden/Magda-Bar-Cart-Black-Wengue/34617040/product.html?option=65821599
DE-ELI5613;https://www.overstock.com/Home-Garden/Kairi-Desk/34678124/product.html?option=65963486
DE-EG40031;
DE-AWZ6538;https://www.overstock.com/Home-Garden/Delos-Kitchen-Island-White-Pine/34528937/product.html?option=67856457
DE-SLB7537;https://www.overstock.com/Home-Garden/Beirut-Office-Chair/35377556/product.html?option=67862726
DE-ELW5707;https://www.overstock.com/Home-Garden/Salamanca-Desk/34678096/product.html?option=65963433
DE-MLZ6463;https://www.overstock.com/Home-Garden/Marsella-nightstand/34234657/product.html?option=64669061
DE-ER40030;
DE-CWZ5950;https://www.overstock.com/Home-Garden/Gangi-120-Mirroed-Armoire/34520154/product.html?option=65529302
DE-MLW6577;https://www.overstock.com/Home-Garden/Aaran-Lift-Top-Coffee-Table/34678995/product.html?option=67856482
DE-GLC4767;https://www.overstock.com/Home-Garden/Andes-Medicine-Cabinet-With-Mirror/34645469/product.html?option=65886816
DE-MLZ5616;https://www.overstock.com/Home-Garden/Suva-Children-Activity-Table-Set/35742048/product.html?option=68850611
DE-EB40013;
DE-EC40032;
DE-ABD5778;https://www.overstock.com/Home-Garden/Delos-46-Kitchen-Island-White-Light-Oak/34528859/product.html?option=65543709
DE-ELD5595;https://www.overstock.com/Home-Garden/Melb-120-Desk/34678131/product.html?option=65963502
DE-ZLB5549;
DE-BLZ6547;https://www.overstock.com/Home-Garden/Egina-Corner-Bar-Cabinet-Two-External-Shelves/36048090/product.html?option=69608040
DE-ELW5719;https://www.overstock.com/Home-Garden/Xalo-180-Compu-Hutch-Desk/34678108/product.html?option=65963458
DE-MLB4769;https://www.overstock.com/Home-Garden/Yaka-Linen-Cabinet/34645492/product.html?option=65886872
DE-ABZ6539;https://www.overstock.com/Home-Garden/Delos-Kitchen-Island-White-Pine/34528937/product.html?option=67856456
DE-ALW5583;https://www.overstock.com/Home-Garden/Ikaria-Kitchen-Pantry-N-A/34579777/product.html?option=65684472
DE-BBD5581;https://www.overstock.com/Home-Garden/Creta-Kitchen-Island-Black-Light-Oak/34528936/product.html?option=65543810
DE-ELB5540;https://www.overstock.com/Home-Garden/Aramis-Desk/34678092/product.html?option=65963424
DE-ELZ5702;https://www.overstock.com/Home-Garden/Idra-L-Shaped-Desk/34678128/product.html?option=65963494
DE-CWZ5951;https://www.overstock.com/Home-Garden/Gangi-160-Mirrored-Armoire/34520153/product.html?option=65529301
DE-ELZ5717;https://www.overstock.com/Home-Garden/Xalo-120-Compu-Hutch-Desk/34678123/product.html?option=65963482
DE-ACW6555;https://www.overstock.com/Home-Garden/Dakari-Multistorage-Cabinet-N-A/34577898/product.html?option=67856829
DE-ALB5974;https://www.overstock.com/Home-Garden/Ibero-3-Drawer-Mobile-Filing-Cabinet/34678129/product.html?option=65963498
DE-BLZ6475;https://www.overstock.com/Home-Garden/Zamna-L-Bar-Cabinet-N-A/34241693/product.html?option=64694154
DE-MLW6464;https://www.overstock.com/Home-Garden/Omaha-Nightstand/34241947/product.html?option=64694784
DE-MAB4220;
DE-EG40021;
DE-ET40018;
DE-BLW5564;https://www.overstock.com/Home-Garden/Poros-Bookcase/34680190/product.html?option=65968930
DE-BLW5571;https://www.overstock.com/Home-Garden/Dallas-Bar-Cabinet-Black-Wengue/34617038/product.html?option=65821593
DE-ELI5676;OUT STOCK
DE-ELI5715;https://www.overstock.com/Home-Garden/Xalo-Computer-Hutch-Desk/34678130/product.html?option=65963499
DE-ELI5718;https://www.overstock.com/Home-Garden/Xalo-120-Compu-Hutch-Desk/34678123/product.html?option=65963483
DE-ELW5716;https://www.overstock.com/Home-Garden/Xalo-120-Compu-Hutch-Desk/34678123/product.html?option=65963485
DE-ELZ5675;OUT STOCK
DE-ELZ5687;OUT STOCK
DE-ELZ5699;https://www.overstock.com/Home-Garden/Damasco-L-Shapped-Desk/34678099/product.html?option=65963441
DE-LAB4218;
DE-MLX4221;
DE-RLD5599;https://www.overstock.com/Home-Garden/Dallas-Tv-Stand/34678969/product.html?option=65965547 
DE-EB40014;
DE-EB40026;
DE-EF40001;
